{"parameters/4.bias":{"bins":[-0.026892611756920815,-0.02503279596567154,-0.023172978311777115,-0.02131316252052784,-0.019453346729278564,-0.01759352907538414,-0.015733713284134865,-0.013873896561563015,-0.012014079838991165,-0.01015426404774189,-0.008294446393847466,-0.00643463060259819,-0.004574814811348915,-0.0027149971574544907,-0.0008551813662052155,0.001004636287689209,0.002864452078938484,0.004724269732832909,0.006584083661437035,0.008443901315331459,0.010303718969225883,0.01216353289783001,0.014023350551724434,0.01588316820561886,0.017742982134222984,0.01960279978811741,0.021462617442011833,0.023322435095906258,0.025182249024510384,0.027042066678404808,0.028901884332299232,0.03076169826090336,0.03262151777744293,0.03448133543133736,0.03634114935994148,0.03820096701383591,0.04006078466773033,0.04192059859633446,0.04378041625022888,0.045640233904123306,0.04750005155801773,0.04935986548662186,0.05121968314051628,0.053079500794410706,0.05493931472301483,0.056799132376909256,0.05865895003080368,0.060518763959407806,0.06237858161330223,0.06423839926719666,0.06609821319580078,0.06795802712440491,0.06981784850358963,0.07167766243219376,0.07353748381137848,0.0753972977399826,0.07725711166858673,0.07911693304777145,0.08097674697637558,0.0828365609049797,0.08469638228416443,0.08655619621276855,0.08841601014137268,0.0902758315205574,0.09213564544916153],"_type":"histogram","values":[1,0,0,0,0,0,0,0,0,0,0,0,0,0,0,0,0,0,0,0,0,0,0,0,0,0,0,0,0,0,0,0,0,0,0,0,0,0,1,0,0,0,0,0,0,0,0,0,0,0,0,0,0,0,0,0,0,0,0,1,0,0,0,1]},"parameters/2.weight":{"_type":"histogram","values":[1,0,0,0,0,0,1,1,6,4,0,9,28,68,147,171,188,217,230,218,234,245,230,219,236,243,280,275,299,478,815,813,813,4784,439,397,363,308,310,254,269,274,261,266,234,231,235,241,239,213,227,175,119,46,15,8,2,1,0,0,3,0,0,1],"bins":[-0.15361545979976654,-0.14906775951385498,-0.14452007412910461,-0.13997237384319305,-0.1354246884584427,-0.13087698817253113,-0.12632930278778076,-0.1217816025018692,-0.11723390221595764,-0.11268621683120728,-0.10813851654529572,-0.10359082370996475,-0.09904313087463379,-0.09449543058872223,-0.08994773775339127,-0.0854000449180603,-0.08085235208272934,-0.07630465924739838,-0.07175696641206741,-0.06720926612615585,-0.06266157329082489,-0.05811388045549393,-0.053566187620162964,-0.049018494784832,-0.04447080194950104,-0.03992310166358948,-0.035375408828258514,-0.03082771599292755,-0.02628001570701599,-0.021732330322265625,-0.017184630036354065,-0.012636944651603699,-0.008089244365692139,-0.0035415440797805786,0.0010061413049697876,0.005553841590881348,0.010101526975631714,0.014649227261543274,0.019196920096874237,0.0237446129322052,0.02829231321811676,0.03284000605344772,0.037387698888778687,0.04193539172410965,0.04648308455944061,0.051030777394771576,0.055578477680683136,0.0601261705160141,0.06467386335134506,0.06922155618667603,0.07376924902200699,0.07831694185733795,0.08286464214324951,0.08741233497858047,0.09196002781391144,0.096507728099823,0.10105541348457336,0.10560311377048492,0.11015080660581589,0.11469849944114685,0.11924619227647781,0.12379388511180878,0.12834158539772034,0.1328892707824707,0.13743697106838226]},"gradients/4.weight":{"bins":[-82.48776245117188,-79.9142837524414,-77.3407974243164,-74.76731872558594,-72.19384002685547,-69.620361328125,-67.046875,-64.47339630126953,-61.8999137878418,-59.32643127441406,-56.752952575683594,-54.17947006225586,-51.605987548828125,-49.032508850097656,-46.45902633666992,-43.88554763793945,-41.31206512451172,-38.738582611083984,-36.165103912353516,-33.59162139892578,-31.018142700195312,-28.444660186767578,-25.871177673339844,-23.297698974609375,-20.72421646118164,-18.150733947753906,-15.577255249023438,-13.003776550292969,-10.430290222167969,-7.8568115234375,-5.283332824707031,-2.7098464965820312,-0.1363677978515625,2.4371109008789062,5.010597229003906,7.584075927734375,10.157554626464844,12.731040954589844,15.304519653320312,17.87799835205078,20.451480865478516,23.02496337890625,25.59844207763672,28.171924591064453,30.745407104492188,33.318885803222656,35.89236831665039,38.46584701538086,41.039329528808594,43.61281204223633,46.1862907409668,48.75977325439453,51.333251953125,53.906734466552734,56.48021697998047,59.05369567871094,61.62717819213867,64.2006607055664,66.77413940429688,69.34762573242188,71.92110443115234,74.49458312988281,77.06806182861328,79.64154815673828,82.21502685546875],"_type":"histogram","values":[1,1,0,0,1,1,1,0,1,0,1,1,1,1,0,2,3,2,1,0,4,4,4,2,2,1,2,3,5,9,13,21,352,11,7,12,3,7,1,3,2,2,1,2,5,2,1,0,1,2,2,1,1,2,0,2,0,1,0,0,0,0,0,1]},"_runtime":217.5755308,"parameters/0.weight":{"bins":[-0.20272374153137207,-0.19553598761558533,-0.18834823369979858,-0.18116047978401184,-0.1739727258682251,-0.16678497195243835,-0.1595972180366516,-0.15240947902202606,-0.14522172510623932,-0.13803397119045258,-0.13084621727466583,-0.12365846335887909,-0.11647070944309235,-0.1092829555273056,-0.10209520906209946,-0.09490745514631271,-0.08771970123052597,-0.08053194731473923,-0.07334420084953308,-0.06615644693374634,-0.058968693017959595,-0.05178093910217285,-0.04459318518638611,-0.037405431270599365,-0.030217677354812622,-0.02302992343902588,-0.015842169523239136,-0.008654430508613586,-0.0014666765928268433,0.0057210773229599,0.012908831238746643,0.020096585154533386,0.02728433907032013,0.03447209298610687,0.041659846901893616,0.04884760081768036,0.0560353547334671,0.06322310864925385,0.0704108476638794,0.07759860157966614,0.08478635549545288,0.09197410941123962,0.09916186332702637,0.10634961724281311,0.11353737115859985,0.1207251250743866,0.12791287899017334,0.13510063290596008,0.14228838682174683,0.14947614073753357,0.1566638946533203,0.16385163366794586,0.1710393875837326,0.17822714149951935,0.1854148954153061,0.19260264933109283,0.19979040324687958,0.20697815716266632,0.21416589617729187,0.2213536500930786,0.22854140400886536,0.2357291579246521,0.24291691184043884,0.2501046657562256,0.25729241967201233],"_type":"histogram","values":[1,3,2,3,4,18,32,50,71,82,108,98,101,118,110,130,123,133,130,126,125,137,151,165,175,197,261,318,1287,178,145,153,129,132,143,127,133,129,155,137,130,113,109,96,78,81,44,28,11,8,7,1,0,0,0,0,0,0,0,0,0,1,0,1]},"parameters/0.bias":{"_type":"histogram","values":[1,0,1,3,2,1,2,1,1,2,1,1,4,1,0,0,1,2,1,4,1,0,1,0,0,4,3,3,6,4,3,4,25,4,1,2,2,3,1,1,6,0,5,2,0,0,0,1,5,4,0,2,1,0,0,0,0,1,2,0,1,0,0,1],"bins":[-0.14828231930732727,-0.14373594522476196,-0.13918957114219666,-0.13464318215847015,-0.13009680807590485,-0.12555043399333954,-0.12100405246019363,-0.11645767092704773,-0.11191129684448242,-0.10736492276191711,-0.10281854122877121,-0.0982721596956253,-0.09372578561306,-0.08917941153049469,-0.08463302999734879,-0.08008664846420288,-0.07554027438163757,-0.07099390029907227,-0.06644751876592636,-0.06190113723278046,-0.05735476315021515,-0.05280838906764984,-0.04826200753450394,-0.04371562600135803,-0.039169251918792725,-0.03462287783622742,-0.030076496303081512,-0.025530114769935608,-0.0209837406873703,-0.016437366604804993,-0.011890977621078491,-0.007344603538513184,-0.002798214554786682,0.0017481595277786255,0.006294533610343933,0.010840922594070435,0.015387296676635742,0.01993367075920105,0.024480052292346954,0.02902643382549286,0.033572807908058167,0.038119181990623474,0.04266556352376938,0.04721194505691528,0.05175831913948059,0.0563046932220459,0.0608510747551918,0.06539745628833771,0.06994383037090302,0.07449020445346832,0.07903658598661423,0.08358296751976013,0.08812934160232544,0.09267571568489075,0.09722209721803665,0.10176847875118256,0.10631485283374786,0.11086122691631317,0.11540760844945908,0.11995398998260498,0.12450036406517029,0.1290467381477356,0.1335931122303009,0.1381395012140274,0.1426858752965927]},"parameters/4.weight":{"values":[2,0,1,3,5,7,3,3,4,8,5,7,8,5,6,9,5,5,9,6,6,5,7,8,5,14,5,16,21,10,54,12,14,19,15,16,8,11,6,9,8,8,5,5,9,10,9,6,7,10,10,7,5,6,7,10,2,6,9,3,5,1,1,1],